peso,sexo,idade
47.75231702294335,f,18
63.69729949334588,m,42
50.31100901901096,f,30
52.3094384835157,f,45
67.00068676341058,m,31
54.38121137103741,f,38
71.34376976334055,m,43
59.416731442187135,m,58
49.43879034632065,f,26
65.13933041824302,m,31
53.11196252467267,f,58
49.67450803178439,f,36
72.87861719926052,m,19
47.570934557215395,f,39
47.256418231559636,f,44
43.54763141508026,f,23
,f,51
71.46146475065639,m,26
47.47041499157463,f,59
73.17266137704212,m,48
63.5423473364569,m,42
46.692288238927915,f,57
52.02536237085628,f,34
75.05064350983349,m,22
50.28134708543939,f,45
49.99917866035248,f,26
69.64986067767423,m,41
,f,39
66.96537899008929,m,26
67.85731555141325,m,27
53.09039835902827,f,27
46.27330827175246,f,23
63.21492840550663,m,24
58.34903756136279,f,21
67.63312455831736,m,55
78.62062484263119,m,32
52.72268908599376,f,32
44.95807837969903,f,49
48.53977459465408,f,17
69.27589866060379,m,42
60.95098939667465,m,19
49.452779210588105,f,44
46.44163880403897,f,53
51.06628176650851,f,50
69.0042161259712,m,50
76.42816127727899,m,37
54.80953606412734,f,45
,f,32
64.32146616298787,m,35
76.0113841507649,m,40
68.93266502268324,m,44
69.49212937969743,m,59
50.25526333558025,f,29
46.54629000859269,f,31
52.23054835440779,f,39
76.66373025896766,m,27
79.06615117973615,m,55
45.41364337378592,f,27
47.49747429154352,f,56
46.573780970456674,f,43
65.81585738334536,m,39
67.19570155254577,m,47
,f,42
63.48922334168695,m,37
75.35234756813898,m,24
52.030354581818386,f,44
49.99622726961097,f,38
72.04827142089323,m,42
46.12530324825814,f,23
66.56134179795868,m,20
65.80433172836743,m,19
59.629002981201445,m,40
72.0258727864392,m,35
47.904474915320975,f,21
50.568928862046434,f,31
,f,59
74.32583775041707,m,25
46.060257798278215,f,36
52.67486945827146,f,33
68.72468513528325,m,48
65.42428095788031,m,27
50.08703670039341,f,37
46.09353720450547,f,54
66.087516970509,m,33
65.7140130170741,m,46
71.38676622916695,m,41
61.407398906329355,f,59
63.19739586422215,m,24
47.36019218548577,f,56
48.587084999125956,f,33
48.727421486452386,f,50
48.67102705230278,f,34
49.53910823235379,f,51
82.68573860187925,m,36
50.63689090339034,f,21
50.38641164620897,f,29
63.4026680847299,m,56
67.17816353985604,m,18
71.4577401974875,m,16
,f,44
48.84585657993778,f,29
50.453477679616185,f,38
73.36178382188545,m,21
59.74461943078626,m,32
70.77075849635287,m,37
63.84688988472768,m,59
49.91700537640335,f,42
50.070713227010614,f,26
,f,34
73.38800593426181,m,59
47.282354452853,f,41
57.28105148620325,f,27
54.377434822852194,f,21
51.070048812883606,f,23
68.45414690677518,m,36
45.74071252848986,f,18
48.347582327337406,f,55
42.94438193165914,f,55
75.69453071302976,m,54
67.70598020613627,m,16
66.41084331740228,m,31
49.788043196623704,f,21
50.179751480894105,f,39
47.61783310685698,f,42
48.83926342948337,f,36
71.69161295164643,m,30
68.36247794929595,m,21
53.43731548963086,f,25
53.641485303803975,f,36
45.67575414249353,f,30
69.29772700965546,m,25
47.200373141342475,f,23
74.64780157927682,m,54
64.07665952655586,m,25
69.38040828134054,m,54
47.963850639066074,f,20
70.67756838321269,m,39
76.46456797120759,m,58
74.98050311861074,m,27
52.46368667851522,f,26
52.670418383744895,f,27
76.13181808224769,m,27
52.617319925481404,f,28
51.54337938750278,f,36
73.2018738883617,m,23
52.80646035091952,f,16
48.0385045338745,f,47
78.5186110475446,m,52
69.49013558906218,m,37
70.19141700660397,m,23
51.77410347042029,f,25
86.94856573676546,m,46
78.71984600582026,m,54
49.138094968209906,f,26
72.01176113129948,m,33
65.19031808009304,m,32
68.62171411451874,m,22
46.06243030017434,f,46
53.48495181943405,f,16
49.8110518523539,f,43
42.20457496058661,f,35
70.47334913189299,m,52
65.47000471591095,m,26
66.69372198171656,m,20
50.44454000185432,f,57
51.90806242600206,f,38
79.47609496243086,m,58
73.5948068801457,m,54
49.78618229885532,f,41
50.586119924664104,f,40
52.32542771219682,f,33
68.217914397874,m,34
66.9070590477604,m,30
62.49284040917193,m,51
50.4952433780453,f,28
70.91752041263618,m,16
45.169786194356796,f,39
58.2928820709597,f,47
72.48120214845636,m,19
77.42208844392387,m,42
64.13410802925637,m,54
52.99534665498161,f,28
69.75750811258456,m,43
,f,36
71.03564033406862,m,32
47.793198054303296,f,31
51.980996188969954,f,16
46.78697250090802,f,25
78.83019933349766,m,36
54.22834952520694,f,53
77.19461095219795,m,27
51.92284561475892,f,28
53.68985264286474,f,17
76.70703292940763,m,22
70.2503597106629,m,43
50.01484766896952,f,38
48.72701956248044,f,53
73.06742757312287,m,36
48.640769967197926,f,53
67.1466259408625,m,30
73.94282882903158,m,24
69.43698409569943,m,40
69.23106839802436,m,57
78.52063106577866,m,55
75.8797596330252,m,54
57.68630492445695,m,24
50.86778166511225,f,54
63.64390690476318,m,59
46.29133497858379,f,16
68.92747272037116,m,48
,f,29
60.15816047364939,m,26
52.388272889758994,f,40
70.21830555278451,m,42
67.98975720712427,m,58
54.014311801660654,f,27
70.18551627718357,m,52
72.87710546391489,m,55
65.8688548505574,m,20
54.681050693143256,f,30
44.679414661759054,f,52
70.01266612276144,m,33
48.48207921298935,f,18
65.00001367224364,m,55
47.21624061489221,f,45
68.36964639443799,m,23
52.53264807031786,f,37
50.8879489591455,f,29
76.56312497289575,m,33
50.12874518756233,f,42
52.82223036281406,f,54
75.91117558004942,m,40
66.17258359970012,m,18
58.08723110282401,m,29
68.14758130267374,m,48
62.312782038566645,m,21
49.95948266529745,f,57
76.5845010399245,m,44
49.85915341438798,f,37
70.12573425969964,m,32
,f,16
44.92653739803261,f,53
69.92635493734922,m,46
68.34137361557289,m,57
55.129510194651814,f,37
56.47726626260405,f,19
45.237080903050135,f,55
75.67050806182525,m,48
73.81305374427328,m,54
67.2654225049873,m,42
71.33500365833316,m,20
51.95221671260517,f,16
70.36238631470947,m,37
57.50003506110757,m,16
71.19764594995384,m,48
70.906813933337,m,46
52.88264730347404,f,50
69.95580379148133,m,32
52.813873360800635,f,26
65.87349649838755,m,35
62.425481823714854,m,45
65.15695884929713,m,16
51.51169958323836,f,27
52.3545618361781,f,16
60.57818142925282,m,40
63.48691178603993,m,35
51.773020583397475,f,45
70.26804284122383,m,40
69.91432034134871,m,54
73.622130345083,m,44
72.06593021521586,m,51
50.71617040340314,f,35
47.58457951035394,f,28
65.15742616408481,m,54
48.33481262907711,f,54
82.60059573280306,m,30
72.6316145012874,m,53
74.75342185738188,m,40
56.79683387537075,f,38
72.09025328403202,m,43
43.892291614257154,f,46
67.25666951406171,m,46
49.630878263908365,f,48
51.003405026577646,f,44
63.79635344657889,m,23
68.20696236098956,m,36
48.48130689085173,f,24
42.60651426826765,f,30
63.65427698639923,m,34
49.745546306710104,f,45
51.80307879539505,f,39
70.28849526818871,m,40
53.06747646814016,f,27
55.1977011439974,f,34
48.89659958495168,f,42
55.954484653734276,f,51
71.7134056210304,m,57
75.10911338955256,m,19
45.93807895187968,f,52
62.95630866600459,m,51
65.32465010990717,m,23
69.23479984095111,m,59
71.98031594123253,m,34
,f,46
61.449850436540835,m,18
48.23294894244246,f,58
65.27818446646897,m,41
79.67054803624146,m,51
,f,55
46.258694729125345,f,40
46.30127194749693,f,21
50.688946870228186,f,18
64.11962500515918,m,28
74.66201354887598,m,24
,f,25
68.76589821448971,m,18
59.851289081330265,m,16
52.39723543693989,f,18
51.54854806541756,f,28
60.60011210723009,m,23
47.463168833977754,f,42
68.86887343409941,m,43
72.83389360992366,m,30
50.6914398104479,f,18
69.67341467878371,m,26
49.26450528438142,f,22
49.53789572909048,f,57
70.36440208676805,m,31
49.2557050119101,f,22
54.55918129556793,f,47
67.04543412129921,m,17
53.291102791080505,f,55
64.6233942271529,m,23
46.68572167024429,f,43
70.31062108239884,m,50
50.83028846434309,f,17
70.15500782903128,m,46
51.4503726826181,f,22
52.118497860253235,f,56
73.29321963213654,m,33
72.45425495630047,m,34
47.409225541475976,f,38
45.83211879997305,f,30
49.97494073407399,f,47
47.359246724555426,f,54
,f,18
69.02248757425008,m,37
69.79781925688147,m,39
51.07064758917628,f,54
47.21645353745889,f,55
49.59906833082301,f,58
64.7703053814442,m,22
68.3570511005137,m,52
70.95987236619033,m,35
51.94644047374419,f,21
68.05620736753335,m,56
51.21465010230993,f,46
51.85673795125564,f,29
44.56806621325705,f,31
47.28226132946414,f,20
68.91660138897615,m,20
,f,20
66.71773094527241,m,56
,f,39
45.94577412197712,f,34
65.03123961397472,m,45
69.34633129691059,m,38
53.80237602690104,f,22
49.204600039543934,f,52
51.659929881968964,f,47
73.3439461014238,m,27
68.66198562384308,m,52
53.41113526210918,f,26
68.34788708924664,m,43
83.15350875918679,m,30
51.152488549801674,f,33
54.03352251095306,f,53
48.05377566752189,f,34
63.84523742160656,m,41
53.815699186352475,f,58
50.63680792893671,f,28
70.90878790785511,m,40
49.49697070284746,f,20
49.25991635943698,f,52
66.3990778747481,m,34
48.86074244641163,f,20
50.257983040686035,f,47
70.6878277399347,m,46
65.8716042885269,m,18
73.7476793161975,m,29
44.61763755471343,f,50
46.76081239312334,f,33
74.48332256715202,m,41
71.3427512161889,m,45
59.5359424182754,m,42
54.74392212681582,f,30
58.284492336803744,f,59
72.01802310216958,m,33
75.45181858644962,m,52
48.776357947327796,f,22
49.788000035826066,f,28
50.2511500946568,f,24
72.58478233541949,m,33
78.01196863807122,m,29
45.453017571601826,f,23
48.86658850036878,f,43
54.91036093339797,f,38
63.472460407982226,m,30
48.65182925721032,f,19
48.72051146478904,f,45
54.703623834657876,f,51
71.72351017375678,m,34
75.70969354738283,m,53
48.6716322516064,f,48
,f,32
71.24966358180227,m,33
48.02203777808545,f,27
47.405024463988674,f,47
69.85083802944861,m,16
,f,27
50.677890820570745,f,20
72.87118498082101,m,52
69.58708752568937,m,16
62.344763867071784,m,52
69.7811402526889,m,32
67.98382713017277,m,26
72.95532021863235,m,55
75.41999702149286,m,53
69.6865014860987,m,50
68.6824223841884,m,48
69.84489152270143,m,31
51.7932559574822,f,38
47.29788672492438,f,45
61.180206766537935,m,22
65.58953446045379,m,17
62.82551684349054,m,28
72.89135700780116,m,34
44.37930776824217,f,51
50.026690437517736,f,48
48.21556544333825,f,47
47.857239863068216,f,22
49.786097236744034,f,58
51.132709639769004,f,39
74.17147403873052,m,19
46.91892110106915,f,16
68.77021891587081,m,40
54.186180822786945,f,22
45.893021932302844,f,58
66.65922982220404,m,25
65.9060673383317,m,34
64.29726162878212,m,26
64.31401013739334,m,54
61.63176603987801,m,17
52.42605906535866,f,21
47.78743684370253,f,58
48.10309775306079,f,38
43.50112853055191,f,30
76.7383096705688,m,44
49.370616514265606,f,31
49.72626819053336,f,52
69.71078200997097,m,22
68.66690111299775,m,32
,f,49
52.872367301389545,f,54
67.66816975480485,m,45
49.484003158958394,f,52
53.55909958636841,f,16
69.9202925044722,m,32
50.686565078472206,f,21
86.3131671154788,m,59
72.3791919004447,m,56
46.955672758663546,f,59
65.37103778759324,m,40
50.35590315585758,f,59
67.477151135451,m,38
,f,28
65.42707497828046,m,24
74.18734399021406,m,49
53.275840805381826,f,57
58.64182472874909,m,23
69.63196206810109,m,20
51.63442248212561,f,58
51.21065621614192,f,40
46.98586120903616,f,57
70.74845989309459,m,38
47.814296176208366,f,36
50.661030540260114,f,24
74.54095935240576,m,43
54.62214181302741,f,23
53.2146104543534,f,24
76.44564785650445,m,32
47.46771197156065,f,34
75.85440320129555,m,54
58.88231521008234,m,19
47.065532608439284,f,42
70.77351039393577,m,55
50.36921165859757,f,27
50.07046846446117,f,47
67.68564366790565,m,34
68.47786346130607,m,24
67.07950937213381,m,29
86.27282842841295,m,22
68.43888517618596,m,44
72.47715373056974,m,48
72.15058955800005,m,19
67.55348671591422,m,43
66.05172759209438,m,17
54.30654868127448,f,46
75.80893414336111,m,17
49.293366817080795,f,57
64.3897545569768,m,36
72.87912405548914,m,26
70.34812140608653,m,36
46.07271562486572,f,38
,f,16
71.25695027477116,m,35
47.43801800575142,f,31
72.81719413779672,m,35
56.24683439908279,f,34
74.80354780863155,m,57
49.218910815899704,f,59
42.64769374255158,f,35
72.40370877273044,m,16
49.23170781813239,f,58
54.02315671239932,f,42
73.62270017962656,m,17
68.53603630412753,m,21
44.03776055144464,f,27
49.87303011379555,f,50
66.15632797777064,m,39
63.0477334782266,m,46
69.51170442434814,m,19
72.18950354248081,m,22
67.09413310225727,m,26
68.14571997567022,m,16
,f,41
60.92598929108366,m,18
76.50439872561387,m,33
43.98802940406094,f,31
51.10777690532998,f,29
44.73053328162098,f,50
75.46418982610611,m,56
50.45021145072797,f,21
50.16347418666372,f,35
41.476695732439296,f,50
67.43279847859161,m,16
73.90197783439145,m,45
50.07327459029818,f,56
46.47762784693672,f,52
48.548746592120025,f,20
79.48684897517664,m,43
71.43789184184489,m,24
49.077443822286966,f,18
46.89490120686991,f,17
71.47442601070297,m,45
77.74675457229823,m,56
48.74267418641657,f,45
68.11193832841514,m,36
49.31964822966111,f,55
65.54698773088461,m,59
48.19002835727851,f,19
76.78179388918515,m,23
66.15487099505008,m,59
66.45442091065281,m,32
75.73621861197469,m,50
56.592525844113815,f,57
49.402360088589795,f,54
62.06025664246882,m,41
67.78897441605648,m,46
68.92467945693802,m,37
,f,32
50.4864658983028,f,34
47.3903505478576,f,40
51.4006679633398,f,48
67.26005041608697,m,58
48.43534729504602,f,45
67.24277386583641,m,20
65.45722929424802,m,38
52.129272182989276,f,45
74.29826240872599,m,16
46.43473163576023,f,28
48.79005484504375,f,16
69.74352667587378,m,25
51.23907707308931,f,18
,f,52
72.7555569573414,m,55
,f,35
70.1137958009817,m,29
,f,43
54.94264019287905,f,44
69.05562296182963,m,57
71.25837860583744,m,47
78.838579661556,m,58
65.77277666578603,m,26
70.3271178317667,m,58
75.96106311089851,m,56
62.125730102969186,m,46
68.54134860347025,m,45
58.073532465174715,f,48
,f,32
50.8007186091841,f,47
46.59647284688922,f,24
52.25981979894947,f,51
72.8751999366756,m,55
66.14257080785917,m,55
69.35369541252288,m,18
55.07102097647262,f,49
75.94658582818218,m,23
66.43302797143713,m,23
53.94498912393277,f,56
75.8164464404201,m,58
48.70650870757857,f,37
,f,31
48.749057995439564,f,45
44.56748356953532,f,55
66.00773262044214,m,28
76.60291806810628,m,30
48.64918941259465,f,39
45.82134513867964,f,36
75.54976462436433,m,35
63.255469205903225,m,55
66.1354111973716,m,25
76.8962437780761,m,21
68.69572074728872,m,59
77.99280330021679,m,46
52.02687206596126,f,31
64.81897527793556,m,28
,f,56
72.98599858234424,m,39
48.916024580171005,f,41
68.19087913444686,m,44
51.54683797705037,f,25
74.97708413262328,m,47
51.53572199163228,f,49
46.64388518559193,f,21
67.90853250881425,m,45
53.965369412154324,f,18
52.794314627572206,f,19
51.39306476884353,f,45
47.225349927811,f,20
64.87073830634412,m,58
70.45509121234194,m,37
53.45664235947356,f,48
72.8907708708205,m,47
75.53073115728826,m,51
69.28337767016616,m,52
48.01192283478876,f,58
51.00392055736933,f,29
51.542173711049365,f,16
75.44995792295923,m,49
51.01289453442579,f,53
65.8134231849851,m,48
72.16091956363191,m,56
49.30774455856664,f,52
53.06487757839439,f,58
52.054458138544845,f,50
,f,27
,f,44
72.33105472079978,m,30
72.91813404165423,m,49
70.60938680946316,m,26
52.33337995089649,f,22
74.42761417110155,m,33
50.82586775165432,f,31
51.84033267650764,f,27
52.07625560220436,f,38
63.19930350156889,m,34
50.39351087800986,f,55
66.80063468107653,m,54
77.82986625475942,m,39
47.948774508869455,f,34
49.47638081158214,f,49
55.490146479031,f,59
52.36696384527879,f,18
61.326421525601276,m,58
66.79668419714197,m,26
53.50427349651866,f,22
67.65196540293478,m,58
71.99865741448536,m,41
63.3644944762523,m,39
72.11142282977723,m,45
75.16180662258391,m,23
68.44446676557776,m,59
51.29053660079299,f,56
62.62900889549394,m,58
51.981094067062514,f,30
61.78042960914907,m,52
67.65641462772247,m,36
52.8966711971739,f,53
50.71407441058125,f,55
56.5251867129839,f,19
55.34337640419453,f,54
51.93018074741707,f,38
49.17446138299061,f,43
51.510465849886124,f,21
46.363710816368865,f,27
72.05395745027955,m,21
66.75540912314423,m,28
50.30552130390061,f,46
47.9544481270225,f,45
63.393158911989886,m,42
54.48794336918989,f,40
45.95231660730649,f,39
79.97202650389029,m,37
45.58300291620099,f,49
45.36335123636137,f,24
73.19749758244872,m,25
67.27834669883084,m,30
46.987869585123214,f,57
57.40767794407357,f,32
66.92116514845819,m,53
53.8210253499605,f,16
70.49957967789398,m,53
73.95346152124914,m,18
70.91530430629925,m,41
65.40454838803674,m,20
61.727503555323715,m,25
50.12245338962426,f,37
54.43582535038059,f,45
67.4274777488672,m,58
51.94776112849769,f,34
61.76364555275053,m,32
64.41665612920201,m,47
75.33786857716349,m,49
79.07924373203984,m,24
48.00541903609541,f,37
69.81002087694375,m,59
50.959046041765305,f,43
,f,24
48.65563676670209,f,59
49.687633362165286,f,28
70.77312384722781,m,20
,f,38
80.55617730164833,m,25
52.733971310133704,f,36
50.65918533889408,f,52
62.83332645171743,m,28
62.65412263635996,m,38
47.85378071996526,f,50
66.88779127977139,m,26
47.361389238475276,f,55
76.93728735317454,m,21
68.07725635639906,m,18
73.08672859502626,m,25
,f,43
48.350451738800295,f,54
65.51494488785579,m,53
62.737481487350166,m,24
75.62780564831112,m,42
51.78942193797185,f,43
64.08503522975799,m,41
44.81268514636811,f,30
51.09513820631248,f,24
77.79346286435664,m,43
77.61584113328654,m,57
75.01881071830724,m,32
71.00519486281179,m,33
,f,30
53.51978759656125,f,50
78.01610025067625,m,30
69.35046723000225,m,48
60.420769544312144,m,43
67.83258106003346,m,45
49.71165146732957,f,17
50.712760420762,f,35
70.2622986735816,m,47
,f,18
64.12113389555904,m,22
48.46166534005993,f,54
51.4216206142806,f,18
48.73195505695074,f,51
,f,22
75.21452493197191,m,31
69.66520766239883,m,43
49.448395960198916,f,38
49.52173252702586,f,38
51.72560121049634,f,48
70.25875231614005,m,34
62.749269994682386,m,35
53.037981230243396,f,34
72.9999182305329,m,39
66.16306523437116,m,18
48.131261940815456,f,46
86.8155549582583,m,47
45.07366337685936,f,24
51.44229610535846,f,52
54.350998966746594,f,57
65.30564381252256,m,19
,f,43
60.880855070688725,m,22
66.42094616450042,m,58
74.35781874692694,m,42
74.15696447972607,m,42
71.72833786397061,m,57
49.62212865471064,f,30
67.2394609226576,m,57
79.3860818133262,m,29
51.114377391528,f,59
50.41683699552463,f,45
,f,24
64.77982007432885,m,40
49.022653396577866,f,27
45.528779506011894,f,27
51.58112870501601,f,49
68.92423018825295,m,36
50.562602994435004,f,18
49.28462701482189,f,38
60.42393421232566,m,36
,f,28
76.86581561814619,m,39
73.06315287211518,m,18
77.73572821098557,m,32
63.9541693127462,m,44
47.18402051766685,f,41
73.58260660429252,m,50
47.7183171073791,f,40
52.972965809549066,f,29
63.439220974018895,m,29
74.76847293133119,m,49
63.583892129571616,m,27
47.15260931176946,f,30
71.43725615366769,m,29
51.26089307244076,f,19
68.45839836228589,m,33
78.60837248373181,m,26
68.77177879388921,m,40
67.38931764200925,m,39
73.1764836291585,m,33
72.8692100908871,m,45
52.92002634468362,f,29
45.464982488343075,f,42
45.49600662028847,f,57
54.74303621272008,f,49
49.566431902854525,f,33
50.53319013502274,f,34
69.85834818336332,m,58
75.44696267687355,m,54
69.67627024571857,m,19
65.53381755049439,m,22
67.82946446505356,m,43
49.946529961486384,f,24
69.99078325480426,m,24
50.9237847054011,f,29
45.83497730626557,f,27
50.09420657609992,f,52
69.75037532061346,m,19
72.37317231600544,m,47
73.01291964986183,m,42
47.7275221430249,f,20
48.831444952960865,f,21
72.72934485882536,m,20
52.416744065925286,f,36
75.69688773460128,m,25
48.00054016840243,f,50
67.94032060569057,m,27
49.8961191296909,f,29
50.91725096354972,f,55
48.82502326585666,f,47
54.31445715131919,f,34
51.30432532924971,f,38
,f,29
53.14821992752762,f,40
72.40531528731354,m,34
68.17002519525985,m,31
84.30807395154791,m,33
60.805358090045736,m,16
48.439651222663706,f,17
66.3286441596576,m,42
62.50529393388816,m,48
49.52039110961994,f,28
73.18105380667939,m,46
68.56427117928098,m,43
75.02263931687588,m,35
52.1861343176404,f,47
71.39006062091937,m,34
51.39887149736468,f,24
69.5625028542565,m,57
47.9654722142229,f,50
47.76128577622757,f,51
65.29258943022252,m,28
67.10909782615357,m,51
53.96005434522881,f,43
69.87240767459467,m,31
63.67685245967743,m,25
57.52460401607252,f,49
51.73084075898424,f,55
52.629596923873635,f,50
59.888186890736456,f,53
52.43586049740603,f,34
79.98620692570508,m,32
45.6739255041452,f,23
48.20752445480704,f,27
60.298263097940776,m,25
65.21208760207816,m,59
70.83082138472301,m,40
66.98740184898026,m,59
51.483542697822074,f,22
71.12066978523349,m,31
49.524805276992616,f,25
51.183337292535036,f,52
75.30616397201887,m,57
49.36979812376408,f,25
76.05513100390758,m,40
75.25570855154774,m,38
52.055003409281035,f,50
67.28970924419754,m,45
47.86963659970318,f,51
,f,49
49.75037404188142,f,41
68.05291616044435,m,54
63.86496049448307,m,25
65.480076687566,m,36
44.61447476110825,f,23
73.9220252473748,m,29
71.72466161951745,m,17
75.71829852346788,m,40
48.81872092276208,f,56
51.37541189088858,f,55
65.42295285574427,m,23
46.41787322887426,f,35
48.14400941340894,f,54
78.11299013509922,m,50
48.831515356571856,f,40
56.08556535172792,f,26
64.86674763931507,m,26
55.150429783711694,f,47
47.25249216784918,f,30
64.04612260252456,m,34
71.33103055837731,m,58
48.14031802258327,f,48
73.56649398787717,m,18
49.73052790343933,f,57
71.81060517732826,m,16
49.06571247713433,f,29
47.31369341742751,f,52
56.50641387380972,f,28
48.096987407412,f,37
52.06577686508164,f,16
,f,37
62.158571975371025,m,46
46.89888854812954,f,33
47.79329483059789,f,53
74.75799646084334,m,42
52.2531454409097,f,56
50.063525321821565,f,56
62.60847016987115,m,44
67.25793487006496,m,56
78.73050040308198,m,33
70.93211764040541,m,25
,f,23
69.1190720076284,m,49
51.269774504770325,f,48
49.864084918085325,f,53
78.18623173988435,m,26
69.13619877292666,m,54
51.53368779780354,f,43
,f,35
64.71962025328419,m,21
,f,45
70.88004468476686,m,17
65.13517593309889,m,29
67.00575995116749,m,33
68.25980274413871,m,44
73.96880342052953,m,40
75.94745957391417,m,34
72.31788524043547,m,21
52.000939616097625,f,41
60.18029676498593,m,33
68.51356832497811,m,39
70.44854461228684,m,58
66.87320998682793,m,49
54.94666600250106,f,48
69.27047276989103,m,35
67.99322198354243,m,50
70.39991200416995,m,52
68.37819474931764,m,21
63.079138048801966,m,55
50.72189624507455,f,33
60.278356029579584,m,29
65.03831320307671,m,38
66.86902645449797,m,37
52.13130625403738,f,23
76.14413310744811,m,53
69.44670772853114,m,49
,f,54
78.43583970734038,m,34
52.17164794650261,f,23
74.01820048549313,m,34
41.61820406100263,f,53
50.46170063137183,f,50
49.69352169399965,f,51
49.06140498688318,f,59
77.17116871512958,m,33
67.93184034974288,m,51
51.07269415129622,f,50
45.59704449873376,f,29
46.09473119917718,f,45
67.54415005818194,m,41
48.93036068169445,f,38
49.66814210255527,f,40
73.00976215222113,m,33
71.92755308313751,m,51
48.68049422632972,f,31
,f,47
50.45939404970842,f,42
67.37456211680296,m,49
47.60378993393773,f,30
47.225760338287934,f,27
69.80793771313516,m,26
48.938342155662745,f,54
,f,34
47.027984279410965,f,39
48.78539908393469,f,34
53.97773411680852,f,39
52.87982448745193,f,28
58.34950041310462,m,31
50.535786042330685,f,46
72.94704865431483,m,32
52.22533838457419,f,57
52.272496267824074,f,32
55.24384396792345,f,21
53.55943102900343,f,54
51.33240272802577,f,29
50.161132520355615,f,43
71.04327147078315,m,38
72.65517353347722,m,22
64.36432844200128,m,31
49.79032074891682,f,34
73.60798322474263,m,40
,f,34
68.17897257965629,m,53
51.94982671716252,f,47
,f,26
50.8595578460088,f,28
53.07329838208705,f,19
66.78393852302821,m,36
48.331219204147146,f,42
47.80752985379678,f,46
48.105589093557576,f,48
51.765023418193024,f,43
69.71020617048275,m,29
49.29625601978446,f,40
63.80715702010849,m,19
67.4948826571238,m,40
48.73126496280306,f,47
65.37788126018596,m,55
72.43360728878972,m,39
44.63382683078747,f,20
66.2966479293673,m,40
72.10064941923184,m,56
49.77859375207755,f,39
68.22809452226684,m,50
75.80512135872236,m,58
68.75586351496251,m,22
76.17971601792443,m,51
48.874369257264824,f,52
70.81082075787516,m,41
72.74810372067725,m,44
52.02968235093886,f,46
50.71930011542085,f,37
74.26605533203765,m,31
,f,23
66.99979995653864,m,21
70.8441448827792,m,36
72.30218355291241,m,56
50.27001759934618,f,49
55.18574660778896,f,43
58.9591516040172,f,23
67.90701688339524,m,27
77.10222889762484,m,47
65.53040309610907,m,18
52.09297364300868,f,40
51.169689804088954,f,24
72.68448914306035,m,55
64.45982187598729,m,55
49.199278992533905,f,32
67.78767638529652,m,31
67.12522298566488,m,43
71.33333188263195,m,18
45.78692146369688,f,43
76.63375730522657,m,49
66.01565670027061,m,20
50.85241374225079,f,47
74.46060775219716,m,43
,f,38
80.7959556536307,m,20
53.38241857701857,f,47
52.890996375653884,f,57
,f,30
51.38570520998074,f,50
51.580408420336894,f,31
46.34523439838688,f,20
54.172417404234544,f,17
65.02488043649934,m,52
80.47930469152934,m,40
48.51227594821654,f,23
68.12797703935269,m,41
71.9891876793814,m,58
65.10779670276689,m,55
72.82419962665763,m,18
49.71953920810552,f,52
49.57073590801673,f,27
64.20759646240603,m,27
65.34645830878843,m,32
47.08961908250136,f,46
69.48546758569266,m,58
68.26113581869029,m,31
52.76719077734249,f,53
59.80462078665089,m,32
69.30952753344299,m,57
49.756411898242966,f,33
74.0838888236346,m,57
51.06285946115811,f,47
48.659128999456996,f,42
45.47404781284514,f,34
,f,37
50.49732173022439,f,43
72.28460215658704,m,43
72.90051984549436,m,57
75.34844875908027,m,58
,f,34
47.21620386237118,f,16
66.07058193687982,m,41
77.11873401917235,m,18
75.46588897543546,m,56
48.92187151199669,f,54
63.77150021983245,m,53
,f,22
52.376044369140494,f,20
59.899713000917814,m,50
69.87580908564757,m,24
47.633033898011114,f,39
72.71499414422988,m,20
48.13963635940112,f,19
76.94815311886626,m,19
69.58520184095248,m,59
70.86398960418079,m,56
47.17348440097789,f,25
72.32999438882051,m,46
67.26142587650544,m,37
65.2920575245405,m,32
65.0797443736624,m,44
72.11215887128395,m,22
76.15766532220887,m,54
74.78930937357227,m,33
75.19524770252156,m,45
75.40392624490043,m,22
77.05474772748036,m,24
58.663898784560004,m,46
55.34013778390835,f,47
90.58532629429968,m,33
67.21211073661803,m,23
46.45621840272126,f,27
70.61877590607091,m,42
73.1462946011407,m,40
71.13238796593765,m,39
69.79534888652502,m,29
52.13418403585383,f,16
75.9883695929546,m,43
68.913951654031,m,25
,f,38
47.66184160213633,f,27
52.51473020753515,f,29
73.93326074833185,m,52
49.292875495039866,f,29
47.30198900751225,f,25
74.06397365197664,m,54
69.31251691617337,m,23
70.73961563800394,m,39
51.32547226335847,f,40
,f,16
73.75394170110151,m,43
66.57651957031858,m,20
52.29064351391633,f,48
78.81422950066751,m,33
64.43874309863273,m,29
50.88201287101353,f,36
48.28820864104179,f,31
70.56483594595801,m,42
65.66488708896999,m,46
53.35060189884111,f,33
63.7193471896897,m,29
72.96595266235211,m,36
50.757614439720214,f,50
68.79143592176321,m,35
76.09820143206255,m,58
80.75888981570438,m,37
75.4365753065628,m,16
52.650376221075405,f,39
50.704564757790564,f,44
78.7699491042022,m,37
74.92309901112395,m,29
47.117976212989035,f,21
45.897969633648394,f,33
46.83986735505436,f,46
47.92383183702209,f,36
67.92721310945132,m,40
74.1233258955452,m,42
51.45567554395415,f,39
46.783856571077365,f,21
47.475574876784954,f,42
78.30933707953524,m,25
46.4670663207182,f,52
49.771878533164404,f,17
69.63604348341903,m,30
53.54638162633797,f,42
74.0790150039213,m,40
43.86861346675558,f,43
66.7294326598463,m,34
52.58529856801042,f,28
54.12305006281788,f,27
54.18357883677496,f,36
,f,46
49.536317205086185,f,33
70.68172931269022,m,58
69.89953567435157,m,54
60.91247228040104,m,44
43.468400905373315,f,17
,f,33
45.724578476701176,f,39
67.01950319674245,m,40
66.99771926662308,m,31
77.101352919184,m,56
49.04624470030453,f,57
46.928218311359004,f,59
77.8936516637317,m,51
55.898677501336955,m,41
,f,23
73.03759481191513,m,24
68.00199335419532,m,17
67.66404808911054,m,49
52.78337550235349,f,57
64.70266549461194,m,50
59.84208127344023,m,39
75.81944658428236,m,35
76.8655734691075,m,29
69.82164202460656,m,56
50.78573276347095,f,23
58.833069168975065,f,22
50.96795909656395,f,58
50.411231988982976,f,40
73.10057403009354,m,51
66.44379947941326,m,27
67.69580563146013,m,18
75.42268626968126,m,56
74.77761868428539,m,16
71.59349777933257,m,21
65.77073100540575,m,25
47.69139671900565,f,57
69.41970579196048,m,27
54.206997980224884,f,27
46.405801673406366,f,35
51.34653701186036,f,19
42.910244208573424,f,27
52.07237783405306,f,31
72.58885496018834,m,22
83.39531208898158,m,24
54.777037407370536,f,51
71.9535627000266,m,30
,f,51
,f,59
46.62253425033521,f,18
45.67879085911233,f,26
49.61517003497384,f,27
57.04450923565889,f,44
48.323154686050394,f,24
46.78571234409712,f,45
77.48959709000792,m,16
51.929651159736615,f,59
74.20104337442342,m,18
49.22730044362172,f,39
73.51272020221458,m,20
74.24318839452273,m,45
67.78545809865665,m,50
71.27663628691047,m,53
65.30540430936989,m,53
71.45982587764746,m,38
68.62710111224767,m,36
46.639134886847,f,55
68.59443255664407,m,49
67.20980829797938,m,26
,f,50
47.01642666716938,f,43
44.004082462829246,f,25
75.0673094906185,m,41
47.62636107782916,f,58
50.163078331480285,f,22
49.27798776045053,f,55
71.87390276858326,m,36
65.6719485641883,m,56
48.745609054464595,f,27
50.25930425708474,f,44
66.39623824883786,m,18
52.68715250189818,f,16
53.47412601297416,f,21
53.50806646614707,f,22
50.99434014423559,f,37
62.43874049743961,m,31
44.47921884267243,f,52
73.02771814368627,m,34
48.619821955959274,f,38
48.843462738705924,f,49
67.02233823838736,m,16
47.38369372430861,f,31
72.6605101931188,m,37
48.132684726682136,f,36
44.48790070437725,f,35
,f,40
51.25559047790869,f,59
70.04380665188451,m,37
64.27790515056003,m,48
52.72312649301073,f,52
69.85113463438876,m,28
51.12343261579789,f,21
50.424367775119975,f,41
74.95777689698197,m,23
63.8376745207585,m,16
52.48582593864728,f,44
67.16367855508173,m,17
76.82835423582739,m,32
61.308493808605455,m,35
72.59827241446453,m,45
65.26993413778061,m,26
45.629995664382626,f,45
70.16499086449831,m,20
46.215681088295995,f,30
45.9434501142965,f,32
51.33781114866343,f,33
46.89507909036623,f,29
44.568417064494675,f,19
48.711175594430024,f,39
48.44936680138339,f,59
73.23398089323608,m,50
49.76375921401266,f,39
50.029910832565,f,24
46.28467162082779,f,24
49.65904700024978,f,28
73.17298645573572,m,35
54.33688349424391,f,58
67.7217938342928,m,20
68.09429125976371,m,39
51.995608079953136,f,47
45.18406572655157,f,33
79.90682096991641,m,28
52.16978395942422,f,21
50.22823396250265,f,28
65.38108451684543,m,32
67.05101232597933,m,57
72.25950972887277,m,46
56.683731665531646,f,26
51.52478848340293,f,52
65.87691501065821,m,55
55.656894939632295,f,50
74.0479805258627,m,26
44.77752634980471,f,56
75.36405340128194,m,51
73.6610229221585,m,35
65.72605169801308,m,58
65.92863034875391,m,23
69.66206906779284,m,33
47.6570752388266,f,51
51.28068806102551,f,30
51.525913866819,f,35
46.001152876824634,f,25
70.48486087584511,m,38
48.829270778332045,f,26
72.43643960326456,m,55
65.29122260542378,m,22
47.2127262170079,f,57
58.20933097637203,f,55
77.36291922397018,m,23
65.41844499046121,m,35
,f,42
65.9676880207696,m,20
75.96736772512935,m,32
49.17314040675969,f,24
70.79334997747102,m,26
70.78405772265285,m,20
47.73739327118752,f,48
47.129038971792994,f,19
61.86597011958492,m,49
47.599453767990205,f,18
72.38298400505163,m,32
70.99331400115612,m,42
70.75367034451749,m,58
49.30953752720652,f,18
66.29138497167045,m,40
50.237978661785256,f,55
72.35363770019,m,44
50.54725876595346,f,22
75.2576982351472,m,29
42.869277484351024,f,45
51.70374783955568,f,56
65.97071195088104,m,22
,f,32
80.85708844643709,m,34
44.49302146081506,f,39
74.72737667856391,m,56
50.45062714308829,f,58
71.21049500471484,m,23
73.5210996856261,m,40
51.644016802821945,f,47
53.31488138143982,f,31
48.39989173137275,f,19
53.602157044034634,f,38
55.229117753386824,f,18
47.29047343188636,f,49
77.74541464615278,m,25
66.69659465396103,m,46
76.8805705072616,m,19
67.59833259123722,m,26
67.30256969183081,m,40
74.82916049543935,m,21
56.33418957728525,m,47
46.4843068501494,f,41
68.50086460267916,m,41
53.85936087298615,f,39
74.86431346302162,m,34
48.99695571148301,f,30
63.36525498205307,m,38
47.82485353378168,f,24
68.26850622574145,m,40
48.874865041929866,f,56
51.118433198083295,f,48
52.646324706690706,f,43
77.68554068528964,m,48
52.03469368113692,f,30
74.56323973832986,m,57
,f,47
71.7844260216168,m,49
73.18961085954386,m,50
,f,55
73.40019085206444,m,35
51.229959697172355,f,31
65.33490852206714,m,33
,f,43
64.24802032744661,m,34
53.31481462279529,f,48
48.787557169684845,f,43
50.18620551053337,f,38
49.51837296876073,f,53
50.6291121657613,f,53
64.57279655331328,m,34
63.191160577572596,m,55
70.95320949894169,m,32
78.29529538911395,m,32
50.310668531901285,f,49
51.70087833415056,f,47
53.12118396961882,f,28
,f,20
62.36351987570199,m,32
48.37625172853996,f,45
69.5136218327593,m,48
70.02019961097062,m,42
72.12224389631929,m,19
46.535432863186344,f,29
50.38504270852482,f,45
51.78413954042948,f,31
52.36345813821914,f,25
51.122486957222115,f,19
70.15882925962165,m,40
69.64900198210465,m,30
73.22184526402238,m,36
51.64391463990317,f,23
51.39040023930111,f,29
50.72439368171112,f,48
75.09791889620227,m,54
50.799799133562296,f,45
63.07234317577175,m,44
69.5336023799163,m,49
69.84095584951574,m,51
,f,25
74.33081332941626,m,30
54.17569692462368,f,40
73.41220540647939,m,57
45.25148325803095,f,17
72.05567332077456,m,46
51.33839894430257,f,35
51.20179245750726,f,22
50.57784349402525,f,45
48.204971108055965,f,34
54.03891511394914,f,50
66.09461845639845,m,26
53.05522600642978,f,33
54.48008853771142,f,44
49.24608415351934,f,56
65.10847628611354,m,25
77.4646631979234,m,26
70.62957199024444,m,57
46.32830153341581,f,32
73.85819164411394,m,45
70.08091146238439,m,27
61.63659813754068,m,18
49.9463289954557,f,23
68.42691347267471,m,36
61.657279575589506,m,21
69.28479850550583,m,47
49.399823946007906,f,49
52.136113019791935,f,23
,f,21
65.76291858534005,m,48
70.89265026664613,m,57
69.49093334118517,m,58
51.73606619024772,f,56
70.60246101981376,m,35
48.674301965417534,f,47
,f,38
75.44279159841285,m,45
71.40484954791359,m,34
49.34642013629864,f,29
44.430863496038455,f,39
74.72223068874966,m,59
50.96065908789917,f,49
51.48160476142329,f,26
54.233184937451924,f,33
49.788904034882535,f,42
65.67385241344054,m,20
48.56788085980039,f,46
,f,23
64.57975508747724,m,51
48.28038324475289,f,48
51.50472085634871,f,34
53.90310556843362,f,55
68.22159016974682,m,19
50.52277390809786,f,32
63.833561549817716,m,28
45.784481716638716,f,58
67.18834624118698,m,49
71.07869899869345,m,19
45.87024948852592,f,26
64.13741990643337,m,53
47.594150025979175,f,41
50.89881621521746,f,16
62.249461916854564,m,40
60.927298019116975,m,56
54.40863390762318,f,50
54.4800427116095,f,27
70.48325005926822,m,59
50.60421240288262,f,35
51.14552194390696,f,31
49.397715728625876,f,42
50.16307890253608,f,32
48.84366381376745,f,36
63.88664097087097,m,21
50.312103283038816,f,53
50.34387368611653,f,36
68.56108550407522,m,31
49.064321287226136,f,51
63.320336681657416,m,38
56.79305306003644,f,30
64.30362282463749,m,17
66.86644562932264,m,35
71.06943847476751,m,30
56.481577859476424,f,49
55.78703419840639,m,21
69.87486227187092,m,40
74.13930276544141,m,49
70.9090691087652,m,58
72.76305992632697,m,57
46.891040025066786,f,45
68.02628706165605,m,39
52.31021332491994,f,57
46.04508934455082,f,30
54.4295634444634,f,29
48.16464009234046,f,46
65.26935373938223,m,26
72.52271618943972,m,52
49.59199862489388,f,27
61.11716552766224,m,35
63.07671019128785,m,34
50.43532612527683,f,47
48.02146587754482,f,48
48.31637112517165,f,40
74.45074605875105,m,22
80.77161990600875,m,37
71.85519665147119,m,28
70.57992778569597,m,44
70.85109633356977,m,47
67.79512548820209,m,51
71.91755731406178,m,23
64.4881470115474,m,52
72.7752795873991,m,49
53.11299642075965,f,51
64.01574942812756,m,26
71.09178134125322,m,58
52.32710906686529,f,25
47.47358605339781,f,40
66.04623653434986,m,44
71.57072628798723,m,26
50.60786790549465,f,58
46.83888066287507,f,49
49.674999726152535,f,33
51.91937197928626,f,17
52.922662318564434,f,54
69.6836564489212,m,32
47.950604550797244,f,49
72.26103537307766,m,29
67.88084665976113,m,45
70.96962214564145,m,24
68.80972862008485,m,47
50.216697139956686,f,39
60.38125717608234,m,42
81.46981063770511,m,52
52.18307881534288,f,46
63.391015097869904,m,18
66.72496829436291,m,16
55.53431178977974,f,30
51.66407323158646,f,16
48.93017827786574,f,22
50.74145869199099,f,16
50.83512183747808,f,24
69.51314915511604,m,24
72.79168257632459,m,36
69.71087933271146,m,48
59.88744413037222,m,27
65.35102168879625,m,21
67.24814998377948,m,47
72.71607200162002,m,44
48.768171162910406,f,52
,f,50
48.069326935655404,f,46
54.012438457912225,f,45
57.04843956527989,m,18
42.03365734699015,f,18
70.22759295092705,m,53
50.25978362691762,f,16
69.03866617754625,m,47
,f,56
73.30339905969308,m,48
69.44030925008178,m,27
55.9384988909853,f,44
69.37833643497703,m,50
47.269523395204246,f,58
51.91946799298468,f,42
67.45477824946654,m,57
61.5368480972834,m,53
68.77306818897402,m,17
48.69051851863943,f,39
73.56877280417888,m,20
74.8548627595311,m,53
80.2315376188163,m,28
68.21129406286917,m,22
50.614098688267745,f,28
48.89452792891148,f,32
47.96795206637768,f,36
48.85079673114027,f,51
47.346364989077024,f,19
52.97065545886943,f,24
74.81091076267633,m,38
61.74094571858085,m,16
50.709473017748,f,59
49.64747893705678,f,27
71.46119537415646,m,58
67.88432154694978,m,43
54.62078735486158,f,59
79.67364050645162,m,55
84.86567969677404,m,59
50.548010412250186,f,37
54.55222736531417,f,20
77.4691383148867,m,29
54.731000831225614,f,35
53.24401161275801,f,47
68.58877835394756,m,36
49.22764799902252,f,54
46.380712221971685,f,29
62.01309389414851,m,53
44.35785987496862,f,57
76.86001802340914,m,49
49.50952171309519,f,35
46.77964192488963,f,45
50.522376917527545,f,51
70.02108622000229,m,27
64.5434045917755,m,26
65.29376891391519,m,28
73.08944016263152,m,50
50.22851885362295,f,25
,f,40
65.7809229233617,m,23
72.14086380546047,m,39
54.1314704747363,f,32
67.9748453589198,m,49
73.58618137461028,m,38
74.01919500170703,m,17
64.46337952071661,m,44
49.423586951547115,f,20
51.790313292135274,f,51
49.00326243679926,f,41
51.93477113246339,f,58
68.43625882932365,m,34
51.07624931777902,f,49
,f,35
62.956424003255606,m,36
63.95150669443299,m,26
46.30020571352239,f,52
54.96494643591546,f,33
73.57256262635146,m,28
48.845449043052184,f,28
49.82187797348846,f,27
71.11617606049664,m,52
68.07102030872437,m,54
46.074561512213705,f,44
51.642446338272144,f,37
,f,41
51.01187253298074,f,30
49.08868228579873,f,56
73.13014062125012,m,39
46.61045958462228,f,49
70.61790828734148,m,19
63.43340781035504,m,16
71.14794324125447,m,48
75.2874454952426,m,19
51.346687867658844,f,59
51.88438443432886,f,17
73.80262671849795,m,43
63.528197931380255,m,19
44.95349097806665,f,58
53.06203398179435,f,57
49.54257538352885,f,41
68.40794420101575,m,58
,f,51
52.370896267054384,f,21
55.375711260148954,f,44
71.25524373501419,m,17
71.51206443842447,m,28
51.65863593667793,f,27
70.51752136072787,m,58
42.12973413188203,f,44
71.12845579584423,m,57
71.01809029722678,m,20
46.84278220488096,f,32
67.98916965162371,m,40
54.80424601551574,f,51
68.4726098868895,m,59
62.74358957918162,m,43
46.59811898804247,f,38
63.20561982044174,m,29
51.082916070402966,f,43
,f,16
77.62113694483416,m,29
78.29059678338153,m,31
68.85350681983634,m,55
48.77724303691984,f,47
51.65566916334346,f,39
67.73139562325008,m,34
67.87377389522963,m,54
48.742179701183176,f,39
54.74428383149301,f,23
,f,26
52.33290069324282,f,35
,f,31
71.73711140011599,m,32
61.907362473361474,m,20
50.475797443065204,f,31
67.69081600586752,m,48
47.541756706204794,f,49
68.58597439490919,m,33
65.25276980055816,m,24
72.14792316271195,m,46
78.23956797325683,m,16
68.23669805166968,m,43
48.532485767564964,f,44
49.79966024591218,f,26
54.00625360327145,f,19
,f,58
71.18420394003668,m,56
47.819354986367614,f,45
59.0797033658084,m,29
70.51475024349875,m,51
52.899336327522,f,41
44.190061938882984,f,40
77.02718201143358,m,58
75.59095620961025,m,32
46.93826435998558,f,22
73.17581509666194,m,55
55.48105868702553,f,29
72.47476699095466,m,20
75.3037041751647,m,27
46.635210087216045,f,57
71.26111718788233,m,26
52.986515582032006,f,51
67.33792197130887,m,48
78.37298325330849,m,35
73.64284908085563,m,36
52.15404364277233,f,56
50.899307390095885,f,22
66.18365263649622,m,48
52.36584845971567,f,20
69.40181629733121,m,51
49.02396238816486,f,46
58.21295188157689,m,54
72.76681631086268,m,32
49.392723958606474,f,46
42.43903036051085,f,53
48.835589253786424,f,25
76.86166699268671,m,57
52.87916872528999,f,47
74.3446043472514,m,27
70.30868652286824,m,39
65.0197239465536,m,38
75.41378965891687,m,37
64.28015639321333,m,31
51.33018688155808,f,58
45.68921986869445,f,45
53.51186399905266,f,34
65.2262720226842,m,42
66.18033867695836,m,41
,f,37
47.77335687584796,f,58
81.56015733948759,m,47
47.63549639967425,f,42
57.285176033146655,m,24
50.04653675633062,f,27
78.01610583988193,m,52
48.21065376415388,f,49
48.4805518781645,f,17
48.817717580323894,f,24
,f,45
72.34578738450631,m,19
71.62701497471319,m,20
72.3346930044404,m,23
,f,24
56.224134279398605,f,51
49.315470667367656,f,48
70.53075295426531,m,50
51.18562892242132,f,47
50.55034652223559,f,44
54.23265330449833,f,42
74.97546239300475,m,33
67.95598249075371,m,59
73.0325200732113,m,26
54.77481959458282,f,57
,f,53
69.81232908371682,m,30
47.16336469249471,f,54
65.33620647079721,m,27
53.30192231442817,f,42
45.704847784513426,f,19
77.63989762578974,m,57
51.160603701456175,f,18
48.99951429701275,f,49
68.42619060781615,m,17
47.74584677509658,f,32
64.69237913329253,m,35
72.50918865611538,m,49
44.36146754351954,f,42
63.19757560421819,m,29
65.46544890826355,m,53
44.655264003014366,f,37
,f,28
50.6061750117818,f,37
74.96121693519959,m,24
69.11886564660485,m,33
,f,47
74.11950953199126,m,39
68.04603252703026,m,58
51.62535529862749,f,54
48.08836488590628,f,28
53.31820028120117,f,22
51.96962204506589,f,29
75.47570655546983,m,45
69.51312284398824,m,38
,f,25
54.93606485097197,f,40
71.28754136570393,m,19
69.70452249873918,m,32
49.033553732785165,f,37
65.72873548437396,m,38
74.34138836517994,m,32
55.38035956947206,f,24
45.110367658171825,f,24
66.33620198808674,m,44
69.24764283904507,m,47
48.29357250381533,f,20
52.51225973558606,f,46
76.2559471276533,m,33
49.20419091388783,f,26
52.915504496511744,f,53
68.72731787072388,m,37
49.61987875584709,f,53
69.17038397927594,m,47
61.91711073857708,m,38
64.8600729701199,m,59
49.74388467728676,f,46
68.18859006373286,m,53
54.46337744928994,f,17
50.4527256327029,f,39
52.2051456922117,f,23
78.38124310102368,m,26
51.74757659291269,f,52
54.02706127432268,f,58
78.1407602222746,m,22
64.62574112853139,m,45
55.28513719238115,f,44
46.99202920173065,f,33
59.138170153693764,m,18
72.29210528725933,m,36
68.39305437875828,m,24
69.15814762010717,m,58
50.62283747465993,f,17
55.12186925664496,f,34
63.119118750541574,m,49
70.35471765660459,m,27
49.46048196080484,f,49
48.7164624271703,f,59
50.944171262448904,f,47
70.98168712900566,m,36
75.06244277617134,m,49
45.89702051341124,f,42
71.51153284692941,m,57
52.39434481033648,f,53
70.48644385554105,m,56
77.67991059973694,m,19
49.40546761812345,f,36
51.17241062024621,f,56
52.23476123209913,f,25
49.05844043011061,f,29
60.24223724864892,m,25
52.6654503398986,f,53
50.77185837495257,f,28
57.212621038339435,m,33
64.66238622587191,m,42
67.35267099324615,m,28
52.96380000751378,f,18
71.58702257098969,m,52
66.8698779829252,m,32
50.60777183333002,f,40
48.49825772429141,f,27
66.7266668314503,m,31
51.962616399595696,f,20
75.48066672660377,m,27
68.59969294054622,m,22
47.55228358972409,f,37
69.8836169850059,m,52
72.809880635408,m,58
69.1337839308285,m,20
78.58105240576005,m,45
51.860229912513354,f,39
51.452906510131854,f,52
68.25270748520032,m,44
66.11250244906141,m,31
48.263492814761655,f,17
68.32738414505076,m,39
69.43986711617957,m,41
63.659997088327415,m,44
78.2537285308117,m,20
51.595114528124505,f,52
45.99868513636582,f,31
49.147636951197526,f,18
74.27935317366416,m,30
63.13494458932557,m,39
50.98361639925577,f,17
49.457894643401254,f,50
46.78031500569475,f,25
68.9762234265995,m,17
74.02696401608553,m,37
46.679979643534175,f,51
67.35319159481253,m,23
47.576373800132856,f,48
53.40802634670149,f,32
49.33857705626303,f,33
50.47972716128292,f,44
68.5020429811252,m,55
47.17650403238394,f,42
64.30712202505154,m,40
45.113935472464526,f,43
46.99460610491718,f,51
51.72413448876676,f,58
71.41759174237596,m,16
52.94634683305671,f,19
51.18444491185954,f,30
52.9615290851905,f,38
50.97890953420721,f,54
78.40826407216902,m,53
67.88683633257908,m,47
68.79045138549465,m,43
55.22204678339756,f,17
51.440360409906305,f,34
50.95043441438725,f,54
67.15104579813278,m,46
46.921614621510365,f,30
49.49203102190712,f,32
65.46305450903074,m,55
49.112911599320995,f,26
66.32512875465284,m,57
47.15008407022645,f,46
50.61126632453551,f,57
54.26867538380456,f,44
50.440203476474494,f,25
69.6950282454799,m,31
50.225774589811586,f,53
46.12975687062573,f,47
80.43841916810459,m,57
47.65183951738089,f,21
45.59533532085836,f,49
63.023858726006154,m,32
67.06996772575728,m,56
48.761861928163306,f,22
50.813060684658225,f,52
76.78507671898022,m,43
77.32775872436638,m,48
